aa_000,ac_000,ad_000,ae_000,af_000,ag_000,ag_001,ag_002,ag_003,ag_004,ag_005,ag_006,ag_007,ag_008,ag_009,ah_000,ai_000,aj_000,ak_000,al_000,am_0,an_000,ao_000,ap_000,aq_000,ar_000,as_000,at_000,au_000,av_000,ax_000,ay_000,ay_001,ay_002,ay_003,ay_004,ay_005,ay_006,ay_007,ay_008,ay_009,az_000,az_001,az_002,az_003,az_004,az_005,az_006,az_007,az_008,az_009,ba_000,ba_001,ba_002,ba_003,ba_004,ba_005,ba_006,ba_007,ba_008,ba_009,bb_000,bc_000,bd_000,be_000,bf_000,bg_000,bh_000,bi_000,bj_000,bk_000,bl_000,bm_000,bs_000,bt_000,bu_000,bv_000,bx_000,by_000,bz_000,ca_000,cb_000,cc_000,cd_000,ce_000,cf_000,cg_000,ch_000,ci_000,cj_000,ck_000,cl_000,cm_000,cn_000,cn_001,cn_002,cn_003,cn_004,cn_005,cn_006,cn_007,cn_008,cn_009,co_000,cp_000,cq_000,cs_000,cs_001,cs_002,cs_003,cs_004,cs_005,cs_006,cs_007,cs_008,cs_009,ct_000,cu_000,cv_000,cx_000,cy_000,cz_000,da_000,db_000,dc_000,dd_000,de_000,df_000,dg_000,dh_000,di_000,dj_000,dk_000,dl_000,dm_000,dn_000,do_000,dp_000,dq_000,dr_000,ds_000,dt_000,du_000,dv_000,dx_000,dy_000,dz_000,ea_000,eb_000,ec_00,ed_000,ee_000,ee_001,ee_002,ee_003,ee_004,ee_005,ee_006,ee_007,ee_008,ee_009,ef_000,eg_000
30818.00454097727,154.0009771484414,127.98523835405005,0.005449033664919557,-0.011057826279468901,-0.004436446425469554,-0.002263721317314263,-0.0037697259735124267,-0.0029834335170763103,3746.01252541225,180105.98640066263,942443.995070834,119845.9946125766,1740.0066190571029,-9.488800503218677e-05,1007458.0025773143,0.0031212465086728875,0.032355188859097134,0.006702888025153892,0.006866005594904244,-0.008563646774186777,1925282.0086573353,1647937.995994756,360499.9915374317,180408.02251767504,0.004510167680247841,0.0094639986547826,0.0013159881881782715,0.02556575826950299,117.99826094452155,67.99356914813397,-0.0017564664425634812,0.01727412155574976,0.003369719039152726,-0.006627434203239066,0.0037132001577665666,-0.004581056376536739,166950.00236457336,355544.00447581685,97582.00358026907,0.0023126543520358128,2116.012055002795,647.9975298833795,1029.9877757692127,3600.005126205993,81608.00225634307,533755.9977940568,292.0024377745054,-0.011301445856135559,-0.00024112119788603193,-0.004182403751796387,684781.983801325,447613.0080878301,187581.01958605318,134965.0060668104,102558.00745068783,84520.00661987063,72142.00242422565,5112.001130668902,21.994333739179428,0.00022216863847458672,2375573.997923551,15.996986808571684,68.00681411652616,183.98991462171088,1.9940819598965498,1007682.99732192,26744.981622703115,181814.00145346072,156177.99188215644,210640.00743404016,222539.98689596745,238650.010721688,50440.007438535446,30902.105833258334,2373671.9869120345,2373672.0192906098,2275106.0115426793,12718.001596950824,1046.0018988632476,25520.013663345082,281080.00342435687,2126510.0072545134,1209600.015662618,3510.0107603573574,1.9979739917297608,46.007427275489135,0.0059994928683823265,1866503.0504436668,0.002709151301808347,253364.17648383486,0.0016515989592648822,7.985569307678266,0.011943617445078492,-0.010960281165905854,-0.007057461778259661,35856.01260470817,525703.9912674879,707737.9959692141,96692.01526091204,10098.009739951332,1888.020695621365,26.017511221721882,7.99746264015883,14.009121880839992,2373672.012182553,3216.012771321024,361.9910328459722,21168.00128677404,122802.00915960368,91110.0011714824,1227024.0108592147,243446.0138277282,6166.00491041854,46.01038219033646,0.009917531554619352,212.0042752518155,281.99995935773035,1207358.0076887365,45139.99590984177,-0.011014005529107898,201.9933807684616,-0.007047876071110619,0.0006708801507390911,1738417.99412417,1363.9901378438326,144.00891948336027,0.002623407226891841,-0.0018358576707764283,-0.0020447007381818585,0.012666452021969315,-0.021862606641522352,0.012163302128422829,0.014749368287878022,-0.003553934482948217,14470.013309427604,10375.983906501211,2544.001795269768,0.006309690198685166,-0.0033932024248603245,48510.003663491465,8471.994330288426,189359.9991439128,31471.990664785782,0.017556399787633126,0.023752405675673712,-0.0039027610656712105,0.011260149615940627,615819.9850581854,761.3432127003684,838.0034825038587,262917.99307760084,349816.0146596496,235885.98932174116,113111.98850810998,223589.99491118884,190512.00675182426,95176.01329695058,41245.99082566189,4028.006066532994,0.015464626149293302,-0.003623884582618058,-0.0059076185620848725
30818.00029286717,154.00584358471772,127.98879870882016,-0.0018343453306644741,-0.003872181916126473,-0.0055041577255507314,-0.011197803663890133,-0.008038590674231206,0.011640849001935374,3745.9924727289294,180106.00225515378,942443.9995571788,119845.9986722171,1739.9894196832763,-0.011678574227513156,1007457.9813515556,-0.01468029146081266,-0.008810444664424096,0.01104392447756875,0.00698722123626182,0.0022993084860884463,1925281.9917576388,1647938.004230437,360499.9894983269,180408.00245726874,-0.008732865435884564,-0.011395548429524376,0.0010064600036148814,0.023583256236488215,118.0024452190792,68.00745318889545,0.0008778237911944033,-0.0037092024837725875,-0.007744012169813347,-0.004738065438553261,0.011143364045608917,-0.0028832355611497886,166949.98674574812,355544.00787894026,97582.01731930907,0.0004287003140349035,2116.002156430943,647.9957875004698,1030.0108045156558,3599.9936540987933,81607.99917372095,533755.9914281091,292.01290725537666,0.004699342739118483,-0.02168359862761323,-0.0065069758985758066,684781.9908619743,447613.00355654885,187581.01434080346,134965.02009392384,102557.97477247467,84519.99126276122,72142.00897814063,5111.995844530591,21.995130794683025,-0.009897696817950205,2375573.9824729967,15.991012158861741,68.01702219750251,184.01291546956205,2.0064239418737024,1007682.9992135614,26744.9983889048,181814.00994483774,156177.9975706503,210639.99799877437,222540.00744767918,238649.99218139474,50439.98106493051,30902.099426554305,2373672.0120265083,2373672.0112823844,2275106.000150776,12718.011210569053,1046.0055295981972,25519.99419009808,281080.0169858121,2126509.99880513,1209600.0056989214,3509.9992881165845,1.9946840089187816,46.01120682725472,0.007122599161013256,1866503.0447284284,0.005454197705222835,253364.1509348954,-0.003558818490836037,7.9760813529704535,0.006272059215617895,0.013093321596111469,0.00986185334775607,35856.01709102008,525704.0191847727,707738.0063443079,96692.00027235196,10097.995995692132,1888.015661934662,25.995195621171433,8.003571282763389,13.992424023874507,2373671.998186255,3215.991086953573,361.9966848792197,21168.00676172896,122802.0052884017,91110.01528237504,1227024.0068824613,243445.98592400912,6166.015251754027,46.007973408856905,0.01331994271467679,212.01972011017367,281.9874231884507,1207357.9945934496,45140.012107079296,-0.010505415964045266,201.98526477997183,-0.002663414557832915,-0.004647549523669958,1738417.9890381738,1364.0056924007408,144.01225351235817,0.009368348368446452,0.003032813805714629,0.0006978030100479168,0.011205974310261891,-0.015656758885808794,0.0015140529718079814,0.004745709957191558,-0.017934961895609038,14469.997186415032,10375.987585667343,2543.9998585326794,0.005742034796511807,4.974765780830612e-05,48510.005362843156,8472.01641449661,189360.0011704948,31472.00947282734,-1.5247271088510203e-05,-0.007297844441950663,0.007762007147875512,0.0019799071697971754,615820.0093458251,761.3446110449456,838.0155250521809,262918.0065127614,349816.0025774734,235885.98692790186,113111.98414994523,223590.0295252426,190512.0015822355,95176.00519659143,41246.00919700205,4028.001869612545,0.009913224248452701,0.002088662471625373,0.007902010378504958
30817.99010512829,153.99567349933233,128.00435451495272,-0.001990901142765234,0.013670159710122427,-0.004017530271977681,-0.00682009713523855,-0.008785653311077196,-0.010750840303949972,3746.019287589345,180105.99809772562,942443.9836229328,119846.0064848794,1739.9955221843884,-0.0051798153387466565,1007458.004239585,-0.00417933402736478,-0.0017920316486674283,0.001973240958495648,0.023596646180898306,-0.005835696536307157,1925282.006865699,1647938.0003439395,360500.00818772876,180407.99471590423,-0.004359945377996576,-0.005047637466882883,0.006928653491195645,0.011212738173611122,118.00872364648104,68.01347551712387,-0.0020875423552114644,0.0028779926800398875,0.006157618009406173,0.005322200327304019,0.017457824468099604,-0.011145260632189322,166949.99773178875,355543.9954657146,97582.00944734755,-0.011162477883013602,2116.01575258161,648.0014770540482,1030.0119543537517,3600.001747896441,81607.98450340869,533755.995654644,292.0199917157328,0.006959063946248431,-0.0002846766256429381,0.003597275804023482,684782.0111203572,447612.99907102383,187580.99906761607,134964.98689202266,102557.98996941121,84519.98123474885,72142.00077684513,5112.002254823933,22.00436161520723,0.010710742170944997,2375573.999059139,16.00643035991625,68.01350465249028,184.00278112037148,1.9924031940864715,1007682.980780951,26744.984284950388,181814.00329865952,156178.010238521,210640.01832214565,222540.00723971182,238650.00348374626,50439.99128525344,30902.10591043324,2373672.0223658164,2373672.013678405,2275105.998176881,12717.995370882423,1045.989142003886,25520.007438673216,281080.00191856566,2126510.0163692413,1209599.9940984368,3510.02242869471,2.0004278459617097,46.00051169511881,0.0027352945957237135,1866503.0457673813,-0.005874134663233145,253364.17032644426,0.001455529737284661,8.001735754296735,0.007063581602643971,0.0003380529871263391,-0.013288913368189529,35855.99509042264,525703.9906808382,707738.0029869259,96691.98855654555,10098.012363068792,1888.016729439962,25.98670029347951,7.994392561124473,14.006300312989513,2373671.992138667,3215.9842249339426,361.9853473569487,21168.003642282813,122802.00213030168,91110.007390071,1227023.999550793,243446.01609485727,6165.998601804249,46.01590814223931,0.0010238676979282492,211.993711700055,282.0064927265693,1207358.0027346774,45140.01225080981,-0.008136521702980069,201.9973118800241,-0.009425988964671984,0.0018805381379969925,1738417.9859660573,1364.006817002097,144.01720619030706,-0.0026164417975086895,0.0023122054488787513,-0.012271958543936845,-0.00897337106813923,0.00459758516061235,0.0012620662339067126,0.00496449017667142,-0.003957476716394919,14469.998909343978,10376.005080185863,2543.995816018828,0.0013553558488764964,-0.02550868310442222,48509.999806721054,8472.001050746161,189359.99962633857,31472.003608922314,-0.01556291014606691,-0.004487693328944908,0.008343503612465646,-0.005112950325247158,615819.9908938782,761.3404470170706,838.0134266694133,262918.0014044926,349815.9955278088,235886.00619729445,113111.99489233011,223590.00126086373,190512.00311283514,95176.01330009496,41245.991353377016,4028.003426546323,0.006321254480156338,-0.009201946919113382,0.011081003053304268
30818.010787353414,154.0055933075565,128.01099623289605,-0.005942618345184684,-0.011488258849756069,0.0004197233819875711,0.004159488212832342,-0.0021130931360127973,-0.013374084511412088,3745.9944086314003,180106.01029028214,942444.0020147633,119845.99734931682,1739.9965828201837,0.0028980491865389264,1007457.9942762868,-0.0008414359208913481,-0.0013021589598009493,0.007131877026793243,-0.005582235555325896,-0.004311913109788959,1925282.0106730864,1647938.0214477326,360499.9804049797,180408.00832492643,0.002245406619759833,0.02114601148205645,0.0015122807251163077,0.004556133028466099,117.99957538347736,67.993784383907,0.016426886790574694,-0.0026247702008764294,0.021126749164493516,0.010094048519335692,0.0036165391527006457,-0.0017653297605718977,166950.00518265445,355543.988868968,97582.00742028884,-0.011454375436325055,2116.0066016398036,648.0135024102706,1029.9986304115816,3600.0171006488977,81608.00178472612,533755.9856750915,292.00729316007414,0.0012897712220285465,0.004450961315989645,0.0029946548513919047,684782.0219488867,447613.0017333385,187581.0163817602,134965.00806456624,102558.00628612979,84520.02346887479,72141.99865749307,5111.986025694039,21.984598393832634,0.014195016508758247,2375573.999695437,15.984584783917192,68.00265314086363,183.98736273174043,2.005059790071121,1007682.986426886,26745.01131468104,181814.00385508133,156177.98354383788,210639.9950118935,222539.99363683478,238649.9981019764,50439.9966815667,30902.0765611346,2373671.9984475607,2373672.0024134154,2275105.9817352574,12718.002798718724,1045.9997149032351,25520.004788342176,281079.9989145871,2126509.9980102237,1209600.0088793386,3509.9838967790934,2.0157875161545835,45.999544586617546,0.002576306621247663,1866503.0416961655,-0.014786742320069511,253364.1557997588,-0.014108136253579592,8.00632543363347,0.0006635729850738228,0.0066295269639957315,0.007411762934570644,35855.99546393871,525703.9993836719,707737.9861366912,96692.01989037065,10098.000761822677,1887.9901773500683,26.002517215542607,8.00693294288807,14.002405639351377,2373672.0053526717,3216.0192421639576,362.0158989984828,21168.00999768142,122801.9867305826,91110.00259114006,1227024.0155285134,243445.9946021081,6165.994875402855,45.996466237299934,0.007032714253339717,212.00329425981133,282.00210281442094,1207357.998046492,45139.99685814744,-0.004525049505081393,202.00455192189213,-0.007041066666145842,0.014127415102004812,1738418.0264592918,1363.9906882796888,143.9863808637341,-4.758194741059677e-05,0.001848265982520319,-0.013909584844300582,-0.006125183479140808,-0.008077369247329401,0.012935789476604597,-0.010439082476366372,0.018537657487026796,14469.999521736552,10375.991291835251,2543.999031229146,-0.00036076160928648316,0.013589814204769061,48510.00150349285,8472.019065892078,189360.00624032412,31472.01497481308,0.012842091242186214,-0.010299408403162916,0.005132918247128979,0.00404787807962237,615819.9702930346,761.3605668848949,837.9980905358483,262918.0021279429,349816.0007401571,235885.99959666774,113111.98147905528,223589.99143079194,190511.98491520362,95175.99755151944,41245.98681051366,4027.9956765552733,-0.008115084770521194,0.006832145078870032,-0.0172556515581388
30817.98242752689,154.00645399213258,127.99084232599398,-0.010611013956228215,0.013424273712118436,-0.006112639333082464,-0.00018913126108943617,-0.0038252193103719564,0.015483828844919863,3745.994356158119,180106.01023213696,942443.9836778496,119846.00034199435,1739.9803829603422,-0.005019401869397896,1007457.995548477,0.001445795059312125,0.0010655311975511057,-0.0049856259301634875,-0.00963685487104692,0.030342619899707587,1925281.9935074304,1647937.9927434016,360500.0003660591,180407.9788956252,0.005858231252473498,0.007607968162509901,-0.0039429350524806525,-0.0019761960562734685,118.000274781245,68.00999232318742,-0.009691369107392765,-0.012490503422361751,-0.012348091189516915,-0.007743284916960338,0.002074127854987435,-0.008867467276566236,166949.99325247353,355543.99256169325,97582.0102011767,0.012339049305872103,2116.0034058037777,648.0079362628123,1030.0025193237102,3600.00864785069,81608.00038419016,533756.0099356753,292.0078590557679,0.010837440579509973,-0.0072088859365051884,-0.0001697315385116845,684781.9879542292,447613.0102984288,187581.01591746477,134964.9872210135,102557.99304141068,84520.0141965326,72142.01611656729,5111.981271241409,21.996985340815122,0.002447714200154723,2375574.011384484,15.998220677411854,67.98821611209343,184.0006775443901,2.0013083374399105,1007682.9977670334,26745.010920895453,181814.01209837483,156177.98478519486,210639.98865003797,222540.0023838269,238649.99946385706,50439.999488714515,30902.07017937534,2373672.003161821,2373672.0018581958,2275106.0071252896,12718.003172348392,1046.0100122992346,25520.022455502134,281079.99202170665,2126509.992572767,1209600.0019684623,3510.00344903528,2.006014617799674,46.0091355707927,0.015070472648213198,1866503.0366462525,0.019658301961070736,253364.1622082904,0.011674579989841961,7.9900210351064755,0.006992329919555867,0.0004115325881402819,3.787531163468985e-05,35856.01119072879,525704.0139160004,707737.9817434325,96692.014363517,10098.001813328523,1887.993103354363,25.99665106974333,7.987630356447502,14.012784288730156,2373671.9982115156,3216.009576831649,361.9813860160203,21167.99906681044,122802.00297395603,91109.9999086647,1227024.0111726024,243445.98830118007,6166.001018783408,45.98808088229453,-0.01030083927782805,212.00204649192884,282.00998513444756,1207357.9877344195,45140.005277560354,-0.008928036181077067,202.00691297795152,-0.006684925634448195,0.00535260191267254,1738417.9934424416,1364.005066328551,143.9925039532745,-0.013796492390450743,-0.014242295283091263,0.0004713814530442416,-0.019595782084993078,-0.0030951812010051273,0.01697433240355407,-0.012464633738903094,-0.009596932389016672,14469.998025614836,10375.975934177983,2544.001390131711,0.019599380311730693,0.011397419237548634,48510.006021783636,8472.000493315249,189359.9998948033,31471.986538029665,0.01971857996569738,-0.013594342561745132,-0.0032161805480302287,0.0035774578753179115,615819.9977177533,761.3374429775102,838.0039359497423,262917.9943541419,349815.9947383351,235885.99834497395,113111.99362964748,223589.99364053056,190511.99832956286,95176.01494578243,41246.0041948581,4027.9968329001763,-0.00967666033926572,0.013528902906567424,-0.012877749662415922
30817.992593676594,154.00233512140895,127.99711567592617,-0.008388611989257984,0.0006318187466752119,-0.008393958028845799,-0.0021038126506439255,-0.024978929652788133,-0.021131771174601327,3746.01697519434,180105.986536969,942443.9828581521,119845.995207596,1740.000738148967,-0.002952363464490886,1007457.9971286337,0.004728507420218086,-0.00254599470926219,0.011500291758458998,0.011111121276045046,-0.014237349437931257,1925282.0026082052,1647938.007966813,360500.01229534263,180407.98790200273,-0.009843371889195023,0.018143094320013577,-0.01911029268185664,0.006672566590213198,118.003340342109,68.00915120698285,0.004047332646883417,-0.0032235961150994057,-0.03008972172248863,0.004233136324593295,0.014044984321933992,-0.0060068449504973,166949.9870307885,355543.99620158575,97582.01651564684,-0.008049417881860274,2115.9740511144028,647.9999190999682,1029.9994512628532,3600.0113476356905,81607.99695854394,533755.995809874,292.0000058759155,0.01264371742243879,0.0005995843895619397,0.014083600544795643,684782.0014135427,447613.0149856019,187581.01435993856,134965.0025211799,102558.01727572543,84520.02480929125,72142.01224949177,5112.0107718196095,22.01892355228114,0.003042038424926263,2375573.9843110414,15.998384152507906,67.99277832917059,184.00510249056202,1.994846111633073,1007682.9940819395,26745.009291155795,181813.99024870063,156178.01885280863,210640.0004675882,222539.97843754417,238649.99229912893,50440.00254066934,30902.11721915684,2373671.996973973,2373672.0059979837,2275105.971514414,12718.025837350637,1046.0020669596117,25519.988195891707,281080.0083287417,2126509.986829045,1209599.9994306352,3510.00231308967,2.0123369970051628,46.01201142261897,-0.005727554109931191,1866503.0417317096,0.004092048835220119,253364.15354197225,0.01847950073824506,7.99883117188965,0.006450915805179165,-0.006255932366388185,0.006738045220792069,35856.011848476446,525703.9922909556,707737.9957948095,96692.00794629598,10098.00502914959,1888.000455550809,25.99066879619533,7.992659988628646,14.002561279503828,2373671.9951563533,3216.0015778356556,362.0005532962771,21167.995791779424,122801.99235811263,91110.00516972238,1227023.98375221,243446.00305261684,6166.001944565654,46.00587273096187,-0.018126550152040205,211.99165167913287,282.01424368240845,1207358.010793311,45139.99954904076,0.003382248544834664,201.99603287032815,0.017710202554197592,-0.0159377590343606,1738418.0032873855,1363.999080206593,144.00928967914894,-0.0060035306246279275,-0.010113137821885086,0.004824834693071054,-0.0021956601494752294,0.002513663188195976,0.017489893272516495,0.00974115182901276,-0.005132338506741011,14469.999818196913,10375.992446744624,2544.0030780303073,0.011916208781237309,-0.005893064392221846,48510.011753845065,8472.012560833005,189359.97515081638,31471.98915650286,-0.0008306525501805966,-0.012442136467173638,0.020797585602477624,-0.008081957769081256,615819.9964737071,761.3243574951722,838.02290262359,262917.9981291679,349815.99561202514,235885.992331511,113112.00337413362,223589.99367718172,190511.99741854714,95176.01520307803,41245.99568733299,4027.990657949957,-0.012578632781709771,-0.0033602705107775273,-0.010474516204239647
30817.98086790835,154.0110457454346,127.99704067167869,0.010383339219516572,-0.006764214181526519,-0.00787255345556281,-0.00023448263450857526,0.012527810594780968,-0.015958701733859774,3746.010522097142,180105.99898975663,942443.9994625604,119846.00326635997,1739.9989032133367,-0.004805170010609797,1007458.0014142217,0.007999677486087391,-0.0022106977949988105,0.004748690897624462,0.0008358210034749121,-0.00800479812783043,1925281.997255361,1647938.0141371142,360500.0062792853,180408.007970862,0.010533508104720429,0.02004292758922561,0.011455901422944226,0.010941786381165086,117.99850149708205,68.00603787703119,-0.00023226726904295686,-0.00015132333538806658,-0.00838272539798695,-0.0151766947565199,-0.0003053544102314743,-0.010951721685672036,166950.02243193105,355544.0303168964,97582.0028501306,-0.0008762195541584414,2115.994411093522,648.0027865946304,1029.9789906917047,3600.0167830811542,81607.98555396457,533756.0028182068,291.98626181670176,-0.001075710066839461,0.00021940636095033863,0.0034478342752018195,684782.0075436863,447612.9984852146,187580.99979863883,134964.98890760652,102557.99110244864,84520.00872768382,72142.00371240817,5112.010377518106,21.993686748332486,-0.005151377801766745,2375573.999564281,15.996081177575899,68.01304583200992,184.01700139968239,2.0007168300568017,1007683.0060662245,26745.010098211984,181813.98849279672,156177.9847094086,210639.99225336834,222539.97897024523,238650.01232250978,50439.99803205061,30902.08828875931,2373671.9923407645,2373672.0132964854,2275106.002149223,12717.989808839535,1046.0197173545432,25520.00216414998,281079.99641542195,2126509.995191695,1209600.0134887793,3509.9828251225777,1.9981903731019226,45.990555758970565,0.000978441679548048,1866503.048388447,0.0031734962436442736,253364.16411173288,0.0013303014502857263,7.995196636342385,0.009946813193168492,0.004133255001470009,0.012334463655795443,35855.99517695527,525703.9851962763,707737.9769310498,96692.01032333223,10097.993250026027,1887.9869482876686,26.00864359849287,7.999883210434624,14.011756911081006,2373671.997417917,3215.988625715043,362.0046337502574,21167.99149823476,122802.00963632684,91109.98526394718,1227023.9851983893,243446.0126587576,6165.99074488564,45.99656016225673,-0.004350135612076375,211.96515007515526,281.9940377352402,1207358.0020141467,45140.02205691429,-0.011686545924117107,202.0150187443431,0.005083941018306901,-0.0086365763609864,1738418.0195480855,1364.0009594749035,144.0092014045453,-0.01154165797768715,0.012616030112235707,-0.01871594298020181,-0.017602577034859148,-0.003459246708901892,0.006644791162551884,-0.012537220724443791,-0.0097197780822154,14469.999619506143,10376.019658085694,2543.9953782373914,-0.005873928596144091,-0.02338839460979813,48510.00684964334,8471.985392649005,189359.9995188291,31472.0190979814,0.0019168714481845664,-0.00465403662652459,0.0102221269751221,-0.003679383023907879,615820.0114634378,761.3395394009409,837.9967799472696,262917.9967546415,349816.01243958215,235885.9935855023,113112.0121810331,223590.00039286265,190511.98583524747,95175.98390708471,41246.010931800876,4027.9816292455234,0.0025962714250675535,0.001336738165173928,0.0003654904023208426
30818.016919553324,154.00387789691322,127.99840477693729,-0.022286709504063248,0.005631890610330477,-0.010602652981229206,0.01183099392210878,-0.011100664538654692,0.002744382941078998,3746.013521660005,180106.0032312096,942444.004349614,119846.00383449264,1739.9992651253867,-0.006833850934174898,1007457.98602931,-0.02162918685198592,0.002363278014437485,0.010560420116667324,-0.00012411532879406036,-0.010743081407867547,1925281.9999429502,1647937.9818116564,360500.0049555939,180407.99638599684,-0.007157557553003403,0.001979579892493732,-0.004781366854225335,-0.012141622699060765,118.01177809273514,68.00195627972899,-0.0016879195305610892,-0.0006415604968414258,0.01246929309527448,-0.008657967292505347,-0.01636137448160827,-0.01584606495545748,166950.01063039957,355543.99301826535,97582.00220644727,0.0017059156966804901,2115.9957279846626,647.9991633762006,1030.0064487061254,3599.999593744248,81608.00245568933,533756.0020596473,292.0084860279754,0.00584465876576613,-0.0004092813036392361,0.010187229448483832,684782.0231033133,447612.9960460506,187580.9805215349,134965.0035513018,102557.98657687489,84520.00683711456,72141.9925801989,5111.996589746324,21.98836290950465,-0.010005563857313604,2375573.9889055104,15.991613999699284,68.0032007237548,183.9986074769194,1.9820410413763676,1007682.9951288134,26745.013025979537,181814.00145438072,156178.00188915827,210639.9960322008,222540.01269710847,238649.99499322538,50439.999136537124,30902.104275241705,2373672.0222136457,2373671.9839015827,2275106.0082571907,12717.994710649493,1045.9900729672343,25519.974937910472,281080.00424626895,2126510.0031503793,1209599.9906474564,3509.988126772877,1.998360726701482,46.01343075370476,-0.014684312979471176,1866503.033651746,0.016164806478997797,253364.15972578706,0.0023115013512478933,7.98975508276071,0.014974141210096383,-0.002000427783153797,0.005356379958774034,35855.9930902056,525703.9960416451,707737.9908113545,96691.98772875026,10098.003940699295,1888.0003004398593,26.00565077958081,8.00957430543621,13.998638192190713,2373671.984989745,3215.98475375293,362.00378372445715,21167.992824269422,122801.99784518626,91109.99643165599,1227023.9989963241,243446.01934346868,6166.003733196109,46.003096681226005,0.007970798473226137,212.00056849535392,282.0045053375387,1207357.9915905357,45140.00228494732,0.005506245947181604,202.00514935123135,-0.009790345187828113,-0.001652368323521938,1738418.0070101009,1364.007862047314,144.00317533002362,0.01956511144116158,0.002278744569503936,0.006217180184512204,-0.0035151038326677324,0.01885428446107519,-0.0018120930406181014,-0.003000906222308854,0.006779510043708918,14470.018965725645,10375.993081672279,2544.006012227743,-0.004569897783524791,0.0014424402142351387,48509.99130438312,8471.988772843355,189359.99490290278,31472.002146563293,0.015773729943614565,0.0018754096010274019,0.003899452582501713,0.012692960272713246,615819.9801679762,761.3333134889128,838.002407556637,262918.00468513864,349816.01383212325,235886.00066469065,113112.00121901584,223590.01078206868,190511.9744052484,95176.00577699945,41246.01223525222,4028.0034791475955,0.005966717154841122,-0.004492639404305844,0.005980791949043819
30817.98972580042,154.00152279635594,128.01630995485374,0.0031707942022180594,0.009979817999780385,-0.0005961149224692895,-0.004117097940534811,-0.012176245576167933,0.009270630512148926,3745.9907913943753,180106.0063776497,942443.9932989767,119845.98893029927,1739.9806893377781,0.0019551044983536895,1007458.0064473387,-0.005550929134045859,0.003078300800113038,-0.017619052626641884,0.02089952234039465,-0.007442957269247298,1925281.9935067827,1647938.0068636513,360499.9995359454,180407.98887786528,-0.010371395038891004,0.004854172927900574,-0.00041850763264850523,0.0015346661435361572,117.99839491681062,68.02084392632041,0.010052693394314019,0.004143968918618089,-0.007625891240452294,0.01136835975311932,0.009813182665446788,0.008141586758438528,166949.98851225723,355544.0064546754,97581.99534823945,0.002205320635501023,2116.005198921466,648.0064601789712,1030.0111773031504,3600.0154024038907,81608.00623719275,533756.0003953574,292.01239672897765,0.004771835577808316,0.002780804909395904,0.005991251365128143,684782.0017180474,447613.007209377,187580.9971670351,134965.01321799136,102557.99025318537,84520.00145468877,72142.00914023009,5112.010031355091,21.986010992779423,0.01990232834714142,2375573.986044119,15.973847987542275,67.99927769332092,183.99687406392817,2.0184810153453028,1007683.0017452196,26745.006012416412,181814.00117466666,156178.00707717382,210640.0066417553,222539.99983866664,238650.00696998677,50439.98871440628,30902.092318798328,2373671.9891550275,2373671.9965344253,2275105.9942523977,12717.987553500236,1045.9835794247333,25520.012343481016,281079.9975619359,2126509.9917098708,1209600.0126806954,3509.995592591968,2.0007870377942196,46.000125905555144,0.012769742586866709,1866503.0519141783,0.004562104313905678,253364.1504502753,-0.004729964018005899,7.989164280174991,0.02332870512040027,-0.009243350567138733,-0.0027867785333447197,35856.00660294332,525704.0084574374,707737.9931913147,96691.99550585018,10097.983150849459,1888.0046802729107,26.01443452915969,8.024642152339196,14.006618486961301,2373672.015654141,3215.9946205637384,362.0029578555607,21168.005113716896,122802.00244029412,91110.00669788603,1227024.0042455115,243446.02064885292,6166.0079803422,46.016960964634855,0.019118053595158967,212.00802492937711,281.98601841976716,1207358.0113242238,45139.99415194886,-0.002287362388565499,202.00086861087487,-0.02331858370353144,0.0025846037902533194,1738418.0143930672,1363.9861750082907,143.99646637202795,-0.010935227761518743,-0.0015619094389239287,0.012277848181376385,0.001761030680357427,-0.009654493100032463,0.0031545183238671803,-0.008225820118205109,-0.009413848202898341,14469.998422360359,10376.002051027363,2543.9904724790326,0.011279400777107224,0.011178633547207223,48510.00321177252,8472.008314901363,189360.0188608263,31471.992256685502,-0.01868212070036344,-0.004794113424691143,0.0042745135436033635,0.010156697790213411,615820.0186363969,761.3254590071704,838.0046606721288,262918.0179435522,349816.01114873984,235886.02319518416,113111.99799453639,223590.00233947413,190512.0093870513,95176.00806378457,41246.00444034454,4028.0069039441364,-0.005810618429116127,-0.005250762994627039,0.004499996626398832
30818.00715917571,154.01135172222425,127.99282211117574,0.010721895802546509,-0.0010819404483793495,0.004896531851714273,0.004654342917380573,0.0035295446992400364,0.011533479382183708,3745.991725075684,180105.99691438512,942444.0010038529,119846.00840969861,1740.0077983120857,0.01232946776349424,1007457.9914708908,-0.010177731366628197,-0.017785661138197448,0.009903182465914623,0.006991184286759033,-0.01355936408422838,1925281.9935576443,1647937.979173798,360500.00826192595,180407.99273146267,-0.0004340933193967816,-0.0016082089052918327,0.005566535232020853,-0.0166336629353602,118.0053481225431,67.9925061412742,-0.002851749311433533,0.007970109386619661,0.0032175739992415637,0.004672570184948258,-0.004735265411712069,-0.0026280910779563522,166949.9897242773,355543.9816292595,97582.02178549729,-0.024650099410902595,2116.0134716175894,648.0163229171399,1030.0014338760104,3600.0135073822225,81607.98941239166,533756.008395146,292.0104168883053,-0.01230538797483196,-0.00875704527995192,-0.016333854912507374,684781.9771664817,447612.9996758447,187581.01371113342,134964.99654901132,102558.00725910685,84519.98471751592,72142.00450157674,5112.005354733694,21.99773149359589,-0.010221653287524881,2375573.990329948,16.004588169106462,68.0003953730796,184.00568943258864,2.0165096914573875,1007682.9978716752,26744.997125712485,181814.0198377274,156177.99387634665,210640.00816459645,222540.0016470195,238650.00956211326,50439.99949061164,30902.097756788753,2373671.9857823723,2373672.0077695344,2275106.006653172,12717.998390810177,1046.0055240146876,25519.995599963146,281079.9940627312,2126509.981721803,1209600.009671597,3510.0068053926075,1.991992882789853,46.0002434951306,0.007331575433398888,1866503.0313937515,0.0026733698769248688,253364.1501629446,0.008495405940435567,8.000700942324947,-8.173837733162456e-05,-0.00013699966118189654,0.015788786387153326,35856.002968429144,525704.009242689,707737.9999350015,96691.99212298455,10098.010501153689,1888.0197195702006,25.988425343845186,7.988594921281017,13.999666414811141,2373671.996498393,3215.9859188088426,362.0001747491582,21168.02910609819,122801.98904566027,91110.00076886191,1227024.0044659877,243446.0139239635,6165.993896211746,46.00973430599902,-0.016895694069320316,211.99616221031803,281.99288017160745,1207357.9976275472,45140.00758686659,-0.009117393779004172,202.00402017179434,0.015067027634730196,0.00012181278761620238,1738417.997450454,1363.9817724163615,144.0018714639376,0.0064387926232727846,0.0038997450895498897,-0.012389621803785528,0.01647901071605135,0.011995227841482355,0.00971598607398001,-0.014172699232059287,-0.0006467006926440517,14469.999243199545,10376.003409594228,2543.9804582002766,-0.019323570590116874,0.008069568382944236,48510.00350070527,8471.989032896678,189360.00815986094,31471.997489099293,0.014849927199861699,0.005190330104894212,-0.016310599112661084,-0.007928579839867674,615820.0142130362,761.3470519539278,838.0010949947855,262917.9913502109,349815.990770395,235885.98530866258,113112.01749652371,223589.99542268572,190511.99275350693,95176.00124712106,41245.990782656554,4027.9905541250514,-0.008764910247360994,-0.0011892217863055479,0.005992644547194878
30817.998993177494,154.01356391590573,127.98716121634513,0.0018769059801215999,-0.007209140062419676,-0.0014065034271874015,0.009474655126804657,-0.0083767423188603,0.014826835412691971,3745.978911034362,180105.9905137034,942443.9936591577,119846.00047802812,1739.987931830748,-0.004917319765066075,1007457.9974378861,-0.024170574106222954,-0.011639636984695903,-0.0070341237522657885,0.0010564881618040432,0.00425500815357031,1925281.9965065927,1647937.9902478994,360500.0019345101,180408.0020981524,0.0007140243151792509,0.0023319065819969362,-0.005387473556849737,-0.013015362078168932,117.99817430252821,67.98824043286432,-0.012031901148597635,0.010769405143979794,0.010728129944198616,-0.006024121540573797,0.007591196065368275,0.009286310085326438,166949.99353347337,355544.02043429465,97582.01745280396,-0.007767384729439021,2115.998817468751,647.993096349544,1030.003002628587,3600.0037431829955,81608.02081097911,533755.9891324657,292.01296938973826,0.0026367692422179993,-0.005848439723799154,0.004180548874493549,684781.9934456494,447613.00905202806,187581.00241070878,134964.9963618253,102558.00939319837,84520.00743507766,72141.96518478997,5112.003496573994,22.000499041095146,-0.000663943040255095,2375573.9856716767,15.997935010214414,67.99491268531828,183.99694419771257,2.0108314042638855,1007682.9978630287,26744.996276818165,181813.9954830838,156178.0078652266,210640.01673162373,222539.99478985107,238650.00993627944,50439.98974637003,30902.091708538475,2373672.001974472,2373671.9906601147,2275106.000939505,12717.99531975875,1046.0025171177292,25520.004715466093,281079.98439904733,2126509.9952121107,1209600.0020602657,3509.991699498297,2.0236239256262167,45.98740967244081,-0.009782201232012833,1866503.046505347,0.019982677072497797,253364.163061127,0.007684436435039706,8.001398769586052,0.002984345305662677,0.005346128425221132,0.00713398740199263,35855.99100447738,525704.0151333374,707738.0204569472,96691.97718601987,10097.993065068515,1887.9887772612487,26.011521310328583,7.989675493755441,13.999089233597763,2373672.0060526915,3215.9941762885915,362.00108601422494,21167.984608910567,122802.01131855404,91109.98124437348,1227024.0122511145,243445.992261125,6166.00628420758,45.990293973027086,-0.008587300883778485,212.00248698955593,281.9912201305855,1207357.9911417412,45139.982037381866,-0.00938096611492778,202.01031399534276,-0.011389879072090256,0.006373065286499915,1738417.9870279406,1363.997272145204,144.00817767710888,-0.0037542146269066495,0.009995215462417181,0.01237674988130725,-0.0015972499823488017,0.001923610800417881,0.01553334691978045,0.002130434243240254,-0.005836038924363858,14469.99464596402,10376.002597554065,2543.9868665846934,0.01938808387658008,0.009320541187228039,48509.995080365836,8471.995651679328,189359.99633584305,31471.97683728847,0.009969152430299322,-0.0031803956932008417,-0.0005599123519501655,-0.02443419231377475,615820.0046978098,761.3489043756963,837.9901875078069,262917.9969411233,349815.9861943902,235885.9831263969,113111.98119870487,223589.97469335102,190511.99830005225,95175.98411652005,41245.988891275905,4028.0049992076133,-0.0029396653030318827,0.007718061507107577,0.007133924206593009
30817.996330133432,153.986411388979,127.97829179328956,-0.017483631730460907,-0.0013154856626061949,0.003932874924937797,-0.012808922698665341,0.015099981762980786,-0.00943737216928507,3746.0104418079572,180106.0021489905,942444.005042732,119845.99885085037,1739.9900833739316,-0.005206448566580486,1007457.9968781294,-0.009540771461306006,0.0006499672569606693,-0.010558677831743909,0.012762823245914448,0.010670124706545698,1925282.0032985667,1647937.9856967814,360500.0096722178,180408.00330058765,-0.00582470622834578,-0.01332077235652673,0.009570699267671111,0.0007862040603589936,118.00193603486493,68.01832937557838,-0.0010932168789194578,-0.011539571350330883,-0.007127738784410726,0.009970146137968646,0.004082807027372906,-0.005071140268393593,166950.01225313597,355544.00657879736,97582.01093904952,-0.0022039891438721004,2115.9866576617324,648.0033113548636,1030.0033587393361,3599.986116091065,81607.99745273568,533756.0105343899,291.9998415155641,-0.01791442943478963,-0.017659087261456125,0.0015156248829602409,684782.0082288639,447613.00242822437,187580.9940026386,134965.00765818657,102557.99717386573,84519.97928041233,72142.00180214051,5111.998655929598,21.99779463231955,-0.012416961398956162,2375573.999489249,15.98701483646527,68.00154283226479,183.99901151977127,1.9841080670513616,1007683.008502723,26744.992373679408,181813.98397398234,156178.00203313708,210640.0013686275,222539.98604671666,238650.011426183,50440.019142686535,30902.09155248356,2373671.98003015,2373672.022413701,2275106.0118456744,12718.004406016586,1045.985782568345,25520.012038845784,281079.97926268354,2126509.9993438483,1209599.9939969822,3509.9875471445407,1.980231581188032,45.990863199401204,-0.009083492101074623,1866503.0334687766,0.014234016098320848,253364.15874350673,0.000928076342475794,8.00505428600886,-0.010743080977704964,0.013744716816162053,0.0021936508213431095,35855.991567169796,525703.9952153323,707737.9994213891,96692.00625719462,10097.993517045894,1888.001141443722,25.9953543853092,8.001910188370774,14.00420002166008,2373672.0143478485,3215.997342817184,361.985628522352,21168.000335580895,122802.00270581475,91109.9879563132,1227024.0081711337,243445.9949648583,6166.000567687106,46.000592377261256,0.014444567597833443,211.99542315299274,282.00167120071825,1207358.016392363,45140.007212116216,-0.010821927880013208,201.99701416515032,-0.0005960370969945289,0.008973487768244555,1738417.9878332724,1363.9873979455888,143.99502628579947,-0.0020178626118909277,-0.002706314439613518,-0.012715681905910279,0.009287459537991502,0.015847302780440168,-0.017457530801504813,-0.00811537310244259,-1.4753352438048034e-05,14469.995834347888,10375.99531375892,2543.981151714728,0.013842714150413772,-0.0014419341661613143,48510.00179816108,8471.988326680286,189360.000665156,31472.002968506127,0.005493648173159305,-0.0073965576486741185,0.0028082938611866887,0.011881145858292022,615820.0063827198,761.3473269892299,837.9934846759012,262918.007055703,349816.0260040221,235885.99854031662,113111.99896336308,223590.0009053045,190512.0031522399,95175.99705380382,41245.98575199769,4027.993134571422,0.005803169729059189,0.015283850181317137,0.0068970472087173116
30817.994703307464,154.00584361917373,128.01325840850603,-0.007499536262533789,-0.002275195568593835,-0.008192355643184362,0.004628730403906884,0.020300692772250533,0.011781548459779878,3746.002868905866,180105.98305008814,942443.9839794982,119845.99697852845,1739.9874820421096,-0.009113707210037226,1007457.9875181469,-0.002551539464448878,-0.01481753576469201,0.010539060571965818,-0.004465103238051566,-0.002027697133698012,1925282.0160836196,1647938.002235686,360500.0189111811,180407.99649875445,0.0030948734554637697,0.004205394770615332,-0.004321608838941315,0.015904375853996514,118.01250679591374,67.98730307014893,-0.006247644142963244,0.006824742626850804,0.0012475540218925259,-0.003165240821153474,0.0066102650544996614,-0.009423927600762574,166949.99132889768,355544.00347101036,97582.01342263861,-0.01406935977230503,2115.986267613483,648.0095970330277,1030.0134148441164,3600.00069145611,81608.01059666283,533755.9908436519,292.01061052072333,0.007472817136015477,-0.008391407538959396,0.008063047501717326,684782.0078395025,447612.9879370788,187580.9939465224,134964.99800023763,102558.01104784771,84519.99997846308,72142.01595137293,5112.000716652892,22.002667777373958,0.0068332469210868095,2375573.9968369184,16.004655372273305,67.99603829707746,184.0113541286089,1.9913574405533543,1007682.9919340507,26744.9984614614,181813.99839035305,156177.98630621927,210639.98990908105,222540.00141688276,238649.9963222284,50440.00375520704,30902.098738139823,2373672.009385266,2373672.010386962,2275105.998270928,12717.998019795688,1045.9869849396737,25519.987708637804,281079.99840400676,2126510.010855999,1209599.9856669465,3510.005585832802,1.9886150383937855,46.00121185705463,-0.0020996639751789466,1866503.0266290894,0.007041383356055915,253364.15139516088,-0.0142925604802646,8.010753063919536,0.022425268368999256,-0.00018899665519401238,0.007545515830387704,35856.01122224357,525704.0093620946,707738.0117267539,96692.00697231395,10098.015172903475,1888.029641347861,26.009627410618403,8.002452570401264,14.006951703510005,2373672.016840537,3216.000105878173,362.0059692802144,21168.004289869343,122801.99829139163,91110.00466220702,1227024.002851788,243445.99402077726,6165.993996451461,46.003607131285236,-0.002970509767140046,212.01030200687012,281.9928453447659,1207358.0028039876,45140.00173842378,0.00279459399450194,201.9936488074346,-9.720628079713305e-05,-0.01640734592737404,1738417.999123722,1363.9845047643134,143.9853523109153,-0.013577792959733338,-0.02550236697847068,-0.0033814766507506084,0.018131789562165043,0.009619348432487095,-0.004774831512026411,0.011850613194945722,-0.003622033075679918,14469.98794272817,10375.993662767387,2543.996440909521,-0.004082017382252854,-0.004836974812998828,48509.99527661094,8472.010319066854,189360.00195419037,31472.001136386083,-0.016870183356392877,-0.0020475413155404557,-0.012654940985506201,0.01593452957949647,615819.9903028671,761.3454942551529,837.9930789651974,262918.0052646909,349816.01732872863,235886.01561959222,113111.98773556095,223590.00359837626,190511.99509327539,95176.01493284677,41245.9866540017,4027.9997046220756,0.0028196145481266823,-0.014582465006723761,0.0055780762607747685
30817.991429205915,153.99786367742587,128.01831779272197,0.01581992200665572,0.008335319863091243,-0.014604775620341496,-0.01770759091819512,0.004986166808200084,-0.003747468278982962,3745.979199916482,180106.01291828847,942444.0073861055,119845.97708890999,1739.9960299703607,0.015765343301037644,1007458.0097055035,0.00797965878873334,0.005189404916015359,0.009957432102653537,0.002811244811131353,0.009235602903511903,1925281.9976269677,1647938.0047347005,360499.99597955943,180408.0027410095,-0.019275078813031234,-0.0053047065885313575,0.005881548466673867,-0.01382508266210157,118.00792502418265,67.97696781484179,-0.011446824554186408,0.005465734712910632,0.023621936160621304,0.01308457704935676,-0.006763431293366833,-0.00013545366488076368,166950.0083668859,355544.00978486025,97581.99912853765,0.002215000774985543,2115.990992662389,647.9927468224164,1030.0031119257822,3599.995252992671,81608.0114842976,533756.0109098243,292.01212366594774,0.003013531732028604,-0.010147509311540149,-0.0023554682280789853,684782.0094720721,447613.0113249997,187580.99998665403,134965.01730811817,102557.9884338607,84519.98846233056,72142.00435880786,5112.000084087621,21.997871463529613,0.0038668458623745956,2375573.9874946205,16.014098960310875,67.99331886168656,184.00251224284602,2.0068728721963454,1007682.9909663334,26744.993784736824,181813.99908124187,156177.99766197582,210640.01224203245,222540.00267415727,238649.9957605479,50439.98283327119,30902.096005775617,2373672.001171113,2373672.0044188714,2275106.002218322,12718.016156515409,1046.0023597373138,25520.007076584625,281080.0112616911,2126510.0074591422,1209599.9958932889,3509.980315621461,1.9766782383796704,46.01235979443293,0.00498986293090233,1866503.038465555,-0.011955024248754595,253364.1680123618,-0.003574604090131364,8.011589366062111,-0.0027832039407657983,0.0003641338153147846,0.0024980421570006827,35856.0093743028,525703.993898065,707737.9917384202,96692.00311446899,10097.977094842528,1888.0032350699478,26.000022524496675,8.008312855587537,14.003662770284656,2373671.9967191475,3215.9999379068827,361.9877569073542,21168.01268857434,122801.99778311192,91110.00515090715,1227024.0115573334,243446.00249261668,6165.999306473834,46.00331861357332,0.027540159308115705,211.99693418816597,282.0139654565889,1207357.9943677639,45140.00501870042,0.00032171359521942204,202.0064458983013,0.002002409035522579,0.0042904284949655406,1738418.0093254854,1364.0017594768249,144.00546230138409,0.006350756997697646,-0.0013865146396505653,0.0044692082339377074,0.01558361073419602,0.0013452302655468135,-0.013989217077328149,-0.005349344703061714,-0.0077372730480045095,14469.995874252827,10375.989979025146,2544.009972891132,-0.018190426371699035,-0.0011086856272517459,48509.99211638104,8471.986006888641,189359.98202742415,31472.008326098323,-0.019349321243883867,-0.0006947491367248422,-0.007655159461409711,0.0007225674084663448,615820.011366415,761.3317392237698,838.010505760346,262918.00135538005,349816.0035605881,235885.98077989987,113111.98995439266,223589.97793432712,190511.99537030747,95176.00439805396,41245.99604829703,4027.99584144264,0.007048864811242159,0.019042731836585083,-0.0034315420544699295
30818.00255773335,154.00059721203016,128.00105332661576,-0.008240053972744101,-0.012917368556082654,0.014791582744361294,0.02466139200051988,0.0028961268992447526,0.01085023962163183,3746.0026897263106,180106.00555195668,942443.992212491,119845.99120570262,1739.9905168159678,0.004807880965694345,1007458.0060292218,-0.007576248721171232,-0.01502462259061962,0.0003246938708354482,0.00022131805429399063,0.006759052896345287,1925281.9965181747,1647937.9946001316,360499.9879427518,180408.0132561539,-0.0100549112758023,0.0011723995094138507,0.0024346671856841865,0.007826212613613066,118.01116094459957,68.00252973912737,-0.0018999891469573926,0.007914906116685888,0.010793801825128194,-0.008615524613612254,-0.010094653883974935,0.0010173799620270794,166950.00161146696,355543.97551304335,97582.0069070507,0.0018657042256749173,2116.0014345717545,647.9949602699033,1029.994669149462,3600.018892175874,81608.00061408909,533756.0089169709,292.01263311929114,-0.007082319392776304,-0.0015134299783242662,-0.0016362205271487945,684782.0052819971,447612.983916551,187581.00564044507,134965.00738952696,102558.02061619336,84519.98382877698,72142.00546885567,5112.019515583045,22.00086383948107,0.004180369980906493,2375573.986577476,15.99539957326205,68.0044577056515,184.0023994329879,1.9932360843646495,1007683.0116557917,26744.999055927517,181814.02301263527,156177.99446408518,210639.99634087965,222540.0117049166,238649.99985215344,50440.00690781968,30902.108752070915,2373671.9932731297,2373672.0040962016,2275106.002677505,12718.01340859434,1046.0032620156135,25520.010472791662,281079.99511343474,2126509.9952550544,1209600.0143234113,3509.9859380135563,1.9958220388193473,46.00789205657216,-0.0036090864077488057,1866503.0339722526,-0.0016504669913093859,253364.1598089384,-0.000734783825049041,7.994730908202123,0.008561063493482752,-0.004887739448757597,0.008677448008978534,35856.01250783154,525703.9868471327,707737.9891975488,96691.97792807,10098.00937239983,1888.0214762012426,26.003274628959062,8.0016804754183,14.015065617291485,2373672.012540905,3216.002808723386,361.9865375727221,21167.997646664266,122801.98257984307,91109.99442008916,1227023.9949415415,243446.00539667078,6165.991906801077,46.00409338607029,-0.0019648905377998623,211.99601132862017,282.0102838335391,1207358.017819657,45140.00946681657,-0.0069601588739263785,201.98424369122415,0.013115776524397183,-0.00040490174496972625,1738417.9858667427,1363.9934193041242,144.0007989755676,0.01007250947076055,-0.004545366364724803,-0.0013902855697345729,-0.003578300341456522,0.0013188675695162547,-0.0005473755872689752,-0.024698127662030916,0.005585807229705884,14469.991252679272,10376.020669710413,2544.0137428290236,-0.016309768653533233,-0.022546116020473274,48510.002638184196,8472.00299167961,189360.0035913148,31472.000254078248,0.004831655045289862,0.00801670409632382,0.005391645963584538,0.013961652797243231,615819.985098418,761.3298148861014,838.007508784301,262917.98617848865,349816.0057440975,235886.01605432841,113112.0038581986,223590.00385331956,190511.99834629672,95175.98910625203,41245.987709210385,4028.014210166328,-0.0110854706167359,-0.0044044064121253656,-0.006228595003244427
30817.992102351287,154.00916583922594,127.9932987424313,0.002431868769147669,0.009699471859479484,0.007377994229996826,-0.0015661089195226428,0.005705047179762246,0.015805310997991092,3746.002908888487,180106.00975688244,942444.0134593119,119845.99128530982,1740.0189524265586,-0.01076563278231524,1007457.9883152612,0.013730188274971314,-0.02297640535171146,0.011090086774919624,0.0195455579041873,-0.01845833141988335,1925282.0005600445,1647937.9942854221,360499.9944545666,180408.010630988,-0.006598815161091818,0.002212201405760814,0.0006423893449201787,-0.01096455801938099,118.00175401770984,67.99986721457635,-0.014296332968452593,-0.017768371694907678,-0.006616447780127494,0.00866302333944558,-0.006701679912592574,-0.010534744043476096,166949.98956892084,355544.016997793,97582.00671098586,-0.0067633473131322374,2116.0290577824308,648.0019727103304,1029.9973613980062,3600.014640991107,81607.99383518746,533756.0020751266,291.9870220392502,-0.005111996748438781,-0.01002758533072949,-0.005455999155076559,684782.0158917805,447613.0137226449,187580.999102673,134965.0014422358,102557.98394280559,84519.99025383548,72142.00277523497,5111.987880224119,21.992414599620723,0.004492180438139148,2375574.0025458834,15.996041460200061,68.00344069729424,183.9961345331184,2.0086329698299696,1007683.0078921284,26744.988432787817,181813.99797627307,156177.99940463784,210639.98033348072,222539.9911984085,238649.98667361177,50439.99920313756,30902.11085141937,2373671.9972695652,2373672.0075305584,2275106.011997154,12718.014373507347,1046.0123368971133,25520.009637957497,281080.0072777792,2126509.9983066474,1209600.0067522982,3509.9902244435225,1.9922792168538996,46.00804149699203,0.00580539522877112,1866503.032512826,-0.0039023072829864128,253364.15277288973,-0.0076236957407586825,7.997035538838008,-0.011207915888478194,-0.001963507016109834,0.00749213998493202,35855.991556030785,525704.0137395634,707738.0058341436,96692.01442498498,10097.999708100951,1888.0016210606968,26.009301310926606,7.999122511408745,14.001095506618128,2373671.9939542105,3216.01534739287,362.0042285541039,21168.016710670017,122801.98793150678,91110.01172946885,1227024.0099037632,243445.9949833913,6165.994044597065,46.00840043145244,-0.007045074630293239,211.99835199050057,281.9996989915114,1207358.0126212821,45139.996689276886,-0.013992126583299574,201.9986003106267,0.0021663233301717913,0.011095734710250434,1738418.0066131065,1364.005713608434,144.0084277589768,0.016132753993157806,-0.00018050039447105675,0.01228574297625707,-0.011252698368760453,-0.010256343437368325,-0.007091311385630029,-0.0007516738828471898,-0.005541037514805206,14469.992240979336,10375.998081165126,2544.0123499719225,0.001732800646819101,0.0017377794920537407,48510.011159716385,8471.989031740683,189360.00335785418,31472.01230358434,0.001418186547703001,0.005586393454162996,0.0031300323247469494,-0.009571983794884652,615820.006133121,761.3349779994343,837.9967136779964,262918.0058366712,349815.9889519316,235886.00572418864,113111.99938579308,223589.9891002098,190511.9979116159,95176.00135633857,41245.99317880296,4028.0081488795236,0.006636073656468882,-0.0024859908938142106,-0.0006655735358781669
30817.999460096118,154.01356216997632,128.00734734177544,0.01528934676774412,0.00043739649911681607,0.00780605233997782,-0.007321366364819807,-0.005166822567645671,-0.004451173994973341,3746.005853993507,180106.00431927186,942444.0065417134,119845.99963459633,1740.0161778556244,0.005266906401718381,1007458.0141422222,0.0008258370794289802,0.0036832039255218912,-0.009997280511618738,-6.689794121058832e-06,-0.006202110975358978,1925282.007683607,1647937.9999903736,360500.01331275544,180407.99784309012,0.014682351894858186,0.005958557752717891,-0.0016348384944670847,-0.006879154116670924,118.00004670734882,67.99047051277836,-0.011120062920300645,-0.008490106938066297,0.01157445551817065,0.008186769209150638,-0.004638821502424554,-0.009952040977931313,166949.99733770158,355543.9868352058,97582.00004978344,-0.013718581701672837,2115.9989419370245,648.0013432890207,1030.0022168014484,3600.019301632996,81607.99850716873,533755.9922013312,292.0159929377684,-0.021412801132112455,0.001283429148252269,-0.002357864914543731,684781.9909106949,447612.9989554604,187581.00408258731,134964.99278808897,102557.99998688785,84520.00645256559,72141.99336529672,5111.996242404633,22.002424734611314,0.00041221454032443374,2375573.9897126528,15.998908523616755,68.00313622305767,183.9948174170135,1.9911184593184872,1007682.994634305,26744.996436727455,181813.99818684213,156177.98886533632,210639.99890390525,222539.99314503904,238649.9915744973,50440.00033656799,30902.0948143398,2373672.0091487155,2373671.9921709276,2275105.987999528,12717.982136980681,1046.002139048556,25520.009655810467,281080.0181815449,2126509.9884684826,1209600.0103733086,3509.997808004443,2.0065200715081755,45.99932279400575,0.004051782748400408,1866503.033073243,0.006738492024839694,253364.15741392516,0.002586248824725728,8.01482886749554,-0.002329847671141696,-0.0046549796623204485,0.00047272773360683965,35855.98515252965,525703.9859929731,707738.0070643949,96692.00472903917,10097.999171286503,1887.9823163784804,25.994429241484696,8.01007638102415,14.009973593097031,2373671.9929525843,3215.994344142394,362.01634199430123,21167.992881108516,122801.99914072483,91109.97990276334,1227023.9918534665,243445.994969319,6166.009010994111,46.00132684585503,0.0022738932768109456,211.9852337811338,281.9988887436441,1207358.015078783,45140.02150635947,0.0077813071311749575,201.9825547307679,-0.010777824408848297,-0.0012764495068408803,1738417.982377782,1364.0017130751094,144.00388576707766,-0.015844007838723428,0.0016130337875130652,0.00245392986631038,-0.022843780648987448,-0.022281744457302542,0.016580062635801595,-0.009717580773649547,-0.0012641942181011898,14469.997531142108,10375.992722834713,2544.021005114173,0.004210613702619931,-0.004954472879905574,48509.98900152825,8472.002045335415,189360.00635588137,31472.00673628457,0.005137705397703171,0.0009463212791762126,-0.013393036868716693,0.004468799803181055,615820.0052962811,761.3328660621432,838.005275471917,262918.0090651684,349815.9970462987,235886.01257240263,113111.99607451145,223590.0166483098,190511.99455499282,95175.9992442448,41245.99944290445,4028.0104946528572,0.0005505244945969159,0.012881904780702773,-0.014620808462256725
30817.999844595848,153.99757962043577,128.00244506072718,-0.007203873458076275,-0.0003910571232534572,0.005385667170385344,0.015677992462692435,-0.0027650980259971763,0.006231514737493592,3746.0038034657277,180105.99795298022,942443.9925722086,119845.99234220055,1740.0064241858802,0.009377160567959866,1007458.013497125,0.00930436085761622,0.017771207350491213,-0.014101590148047427,0.012764048487515956,-0.00032738082334816796,1925281.9876975482,1647938.0125876442,360499.9949972579,180407.99115123096,-0.002300603924439844,0.0044740161591903015,-0.006583919040797679,0.0024912049790615444,118.01569901044407,67.99594204188875,0.022787820190475185,-0.013363583167255739,-0.0057081162692084264,-0.00931386385250443,0.0034079674634077666,-0.007538343172868295,166949.9714107037,355544.00470486504,97582.00469169929,-0.0053901496600393265,2116.0032469918838,647.9876746918178,1029.990407863974,3600.005883205401,81608.00565287356,533756.0134785519,291.99923555012555,-0.0026550205633254992,-0.01712608111426945,0.0004882392867599632,684781.9893213664,447613.00839190994,187580.97245278655,134964.98045607895,102557.98908191382,84520.00260712132,72142.01197318867,5112.000915785666,22.001770715626357,-0.01180185370765929,2375574.005500688,16.005957952951917,68.01199965873826,183.99849542989767,1.9992822496247633,1007683.0139421031,26744.98707425624,181814.00835069446,156178.009181051,210640.00381882387,222539.9987311351,238649.99077918322,50439.996624417814,30902.100430881448,2373671.999872905,2373671.9966776846,2275105.999930823,12717.992888717125,1045.9913777282813,25519.99122819494,281079.99924018607,2126509.998526377,1209600.0048890344,3510.0040412591925,1.994893273658655,45.98756566414772,0.003440333750435468,1866503.022142087,0.011109325466050991,253364.14182442328,-0.0013450919293725649,8.00400565355394,-0.0038889858727048144,0.005364461650253484,-0.006694415437862698,35855.99838647171,525703.9998751964,707738.000901168,96691.98082331957,10097.999362740173,1888.003446172767,25.997798369004897,8.001036758425041,13.978479725637333,2373672.0113425534,3216.0077713147757,361.99357004908603,21168.005028741547,122802.00254341727,91109.98492479674,1227023.9874427642,243445.98380566985,6166.001405637774,46.01809308814684,0.011242019972888683,212.00617579375063,282.007405105203,1207358.0006698335,45140.01526672769,0.006818520599708756,202.00785727579952,-0.000160365408819123,-0.0035245156923845744,1738417.9943608209,1363.9972563139854,144.0066595095784,-0.012959750975280324,0.004950429393088863,0.004921646922706445,-0.0076673958572155455,0.02699097402445397,-0.011988655052311711,-0.0044172043390266445,-0.0050482164156298815,14469.9925861803,10375.98397609932,2543.99761851755,-0.016781585605980618,0.012004122615743976,48509.99823585762,8471.999084170362,189360.00310624088,31472.01031553732,-0.008576295235470566,0.011825300929675462,0.019536610461874073,0.00912343468039241,615820.0033539853,761.3359880774789,838.0052369520946,262917.9983810367,349815.9925183578,235885.99308809117,113112.01424405382,223589.98384540158,190511.99288707552,95175.99301923126,41245.99974410931,4027.9897220840535,-0.0034605304575479967,-0.01158008200654589,0.0009371695000334305
30817.990723165763,153.99177983602297,127.99705481552675,-0.004080059368483617,-0.0006798869602711222,-0.005484364046972464,0.012609083994425252,0.007755420061734135,0.001763255090705446,3745.9923446976386,180105.99756143536,942444.0102276885,119846.0127015813,1740.0063298123575,-0.0015727544291650598,1007458.0082812748,0.0006691559071199897,0.013274257131394589,0.006459170646502429,-0.01327194978247249,6.825540663010302e-05,1925281.9983047317,1647937.9991444384,360499.9986917153,180408.00559011652,-0.013290299955067617,0.007420920557692487,-0.005074157018252197,0.010864638120662509,117.99973713726553,68.01112846651056,0.0072446067757476395,-0.003558820675797233,-0.006706368186392115,-0.0030128623298580764,-0.003273418729750531,-0.0045593687135557495,166949.99058870497,355544.00207028806,97582.01452930053,-0.028913736852191275,2116.013185412999,647.9854941619799,1029.9944873893746,3600.0126644502498,81607.99695251998,533756.0161462505,292.007524525878,0.007738168768938668,0.00792472066950575,-0.013376094773453293,684781.9982588991,447612.99846055836,187580.99412099636,134965.0083648464,102558.0054045852,84519.99929789738,72141.97865571312,5111.98523366347,22.00066295797122,0.0053432674008224235,2375574.00479229,16.004962975071706,67.98578700313188,184.005126062445,1.9942858913327193,1007683.0055527639,26745.000897930717,181814.02442503284,156177.98651096615,210639.9928091344,222540.011199027,238649.9834524865,50439.992866233944,30902.10050431855,2373671.99093326,2373671.9855264863,2275106.000014654,12718.008414135507,1045.9930887871742,25520.00580333173,281079.9915575542,2126509.996247258,1209600.0066640188,3510.0030555161115,2.0008376275394917,45.97963712756238,0.00826061416731982,1866503.0458112205,-0.009381638225127614,253364.15226638076,-0.014266463599461906,8.004375085560044,-0.015404142262587657,0.00456221886101816,-0.0024710190872705203,35856.01359497559,525703.9935923286,707737.9819085768,96692.00642512356,10098.00663474736,1888.013876496744,25.99597469124138,7.994929065650902,13.978440158459946,2373671.9987845216,3216.0098649115716,362.0133468839938,21168.01145304885,122801.99412974274,91109.99533084773,1227024.0035357573,243446.0096781758,6166.000892870918,45.99693863459397,0.010836043265430296,211.9976241071722,281.9865867118917,1207357.9961292336,45140.00408402932,0.004646206103107788,202.00804371239303,0.0026926376887934935,-0.0018171658972896629,1738418.0140641094,1364.0091075650746,143.9904974902396,-0.016679596622717164,0.014019974107767307,-0.0074633429066660595,0.0005223585790413454,-0.0032302248285253953,0.002043948705680207,0.023932945949434053,0.0003042485605498509,14469.98697280395,10376.018893013175,2544.0003631232034,0.014696810888249867,-0.0020816618535213524,48509.98975265412,8472.022656995068,189359.98951986295,31471.997965652354,-0.0017564174972615838,-0.012207255208510704,-0.006493801913155854,-0.025997338063656398,615819.9971722581,761.3437995147345,837.9966213198816,262918.01356159826,349816.0017159264,235885.99565895757,113111.98969982653,223590.00470546173,190512.00255028342,95176.00335150915,41246.01526696962,4027.9991779037177,-0.01903560701596095,-0.005163333756879546,-0.0013806279139271453
30818.01455218256,154.01628911085663,127.99694686486623,0.005036205958346497,0.00561058619594767,0.011846007398292266,-0.000545390182506532,0.008786332402831035,0.007336701843731462,3746.0024913211428,180106.00789281464,942444.0138210413,119846.01909923906,1740.0055501162922,0.0041805180711957666,1007458.0099758471,0.004322419488461756,-0.009959412321649624,-0.002470933422060183,-0.0006900223616979412,0.004768842610090783,1925282.0154905077,1647938.008596255,360500.001130837,180407.99700551582,0.005386298660462029,-0.0031028582051798597,-0.002039375988147015,-0.008056324972640593,117.99084420075927,68.00691845604378,-0.002335928100351296,-0.004868969428236378,0.00217407320292869,0.005248056164642999,-0.0029453638639738576,0.008458511833132986,166950.0028872336,355543.99476121366,97581.99325722636,0.0158279980807023,2116.020354536001,648.0132433021447,1030.0051249260257,3600.007925397789,81607.97896415007,533755.9961385556,292.0087077194173,0.004038832926716744,0.0006437237851769154,-0.004505236149408841,684781.995801133,447613.0080652007,187581.00993494064,134965.00144410008,102557.98973806392,84519.99882786098,72141.99786402611,5112.013514749841,22.006875117804285,-0.0059363075708926015,2375574.002035135,15.991041923983182,67.98770443774046,183.98365850005382,1.9911127556633077,1007683.0026096365,26745.006230286082,181814.00719300867,156178.0050544182,210639.9803221025,222539.98752138214,238650.007174213,50440.02504052291,30902.116257433205,2373671.99279667,2373672.0042449525,2275106.0007092655,12717.999380250803,1046.0040261309694,25519.99039871651,281080.0025893065,2126509.987035233,1209600.0160463464,3509.999407443662,2.0048001989251523,46.01078634051617,0.020535839154002488,1866503.0283769614,0.005716120180183104,253364.1602749281,0.003440155692883627,7.984675770687297,-0.014387849886521517,-0.003741147317668344,-0.012117998548476007,35855.99591815014,525703.9902977006,707737.9990363136,96691.99174663871,10098.029791524983,1887.9951335326793,25.995608077050555,7.99104333201561,13.996395073625894,2373672.003703532,3215.9928324512557,361.99623559036075,21167.996268487128,122802.00721485897,91110.00122297407,1227023.9967779005,243446.00071632778,6166.021059166497,46.00272670758879,0.003550470493625001,211.9878943589506,282.00409853401567,1207357.992501927,45140.00848102419,0.010672077066032067,202.00363238017133,0.0016286841131897527,-0.01710099884712033,1738418.000890153,1364.0053636906146,144.0221911246711,-0.01378824241232492,-0.016185249481902447,0.004281755324998471,-0.0192972380461664,0.006168858965975854,0.010648884742547894,0.014270279701659639,-0.01168730309154345,14469.990878300712,10376.005414896823,2543.9911550213624,0.0022315794318042356,-0.006250523892670485,48510.003319031064,8471.981443925726,189360.0092227008,31471.99058410861,-0.0022990990774177647,-0.00213469748599423,0.009848110865451374,-0.007568316365119167,615820.0032932508,761.3429326564933,838.000448462391,262918.0057574502,349815.98903244716,235886.00012989333,113112.01026885913,223590.02310703168,190512.00466550404,95176.00777452548,41245.987105916094,4028.012060277455,-0.010825507104563948,-0.00851809898879727,0.0014119435690596533
